{
  "project_info": {
    "project_number": "36653514478",
    "firebase_url": "https://tour-mate-11c92.firebaseio.com",
    "project_id": "tour-mate-11c92",
    "storage_bucket": "tour-mate-11c92.appspot.com"
  },
  "client": [
    {
      "client_info": {
        "mobilesdk_app_id": "1:36653514478:android:e423865ebeb3d602",
        "android_client_info": {
          "package_name": "com.mad47.tourmate"
        }
      },
      "oauth_client": [
        {
          "client_id": "36653514478-fj045cp42k0kvaog9a05et4ipstkptdg.apps.googleusercontent.com",
          "client_type": 3
        }
      ],
      "api_key": [
        {
          "current_key": "AIzaSyBMaL6Dj93mr-zdheHZ_EHp8sXpg0cqc4o"
        }
      ],
      "services": {
        "analytics_service": {
          "status": 1
        },
        "appinvite_service": {
          "status": 1,
          "other_platform_oauth_client": []
        },
        "ads_service": {
          "status": 2
        }
      }
    }
  ],
  "configuration_version": "1"
}